,Logistic,KNN,SVM,RF,ExT,Ada,Grad,XGB,CatB,MLP
0,0.7690442559308056,0.6705971024240173,0.7558696913283354,0.7379077197020216,0.7513783984743762,0.7558675725434305,0.7365466280461058,0.7502506499992172,0.7440062829918324,0.7669784779336667
1,0.7795927888433736,0.7368496521030529,0.7696253895276814,0.7650923943533648,0.7613903714791415,0.7410701775194347,0.7982585991534772,0.7882706411106896,0.7783415482934846,0.7905944424040922
2,0.8343139734730123,0.829637352490538,0.8585338159347469,0.8399412635867745,0.843799768083046,0.6895548155012752,0.8694059011164273,0.8247170901571077,0.8722742683062394,0.827451864932957
3,0.63195386522432,0.3966943348880977,0.6198520754543926,0.6220029264076148,0.6347365580101918,0.627951339901629,0.6231471535984456,0.6109452897511689,0.6330839437126075,0.6581483239297463
4,0.8132269254739517,0.6556950936059274,0.8920203359858534,0.8624952651515153,0.8595697400280363,0.8669204081050579,0.8079090150100983,0.8381950026644458,0.8751281501084807,0.8505259029475782
