,Logistic,KNN,SVM,RF,ExT,Ada,Grad,XGB,CatB,MLP
0,0.5354420366722812,0.6962630173564753,0.6900486396076604,0.738142632458486,0.7279711465005584,0.7489803448840098,0.7143106701629303,0.7568190318005191,0.7896198156682028,0.6505471237052349
1,0.4143135470242818,0.5011909510907238,0.6363360149867181,0.6557898509199936,0.7630987629304381,0.6727039149321525,0.4715980919401402,0.7248125236068521,0.7334239960955873,0.8150282592714915
2,0.801907586973226,0.7408183931048469,0.7828315707333726,0.8137948654915412,0.8308074845265253,0.7746266184358812,0.7566763496088744,0.7696828344176425,0.8137800842096441,0.6865953077889464
3,0.5554440020399872,0.6194464209896731,0.5540229602791098,0.6552785213683743,0.6671305225329358,0.5516595441551061,0.6045556340410234,0.5859128912399258,0.6680117937810466,0.5720898438210544
4,0.7011838343258014,0.7146524192775164,0.7769725067893763,0.8673618775868557,0.8721683628416267,0.7737563845722365,0.8580742296918771,0.838231348777881,0.8633773949627609,0.5529644186027115
