,Logistic,KNN,SVM,RF,ExT,Ada,Grad,XGB,CatB,MLP
0,0.7491734888955787,0.48367714142010765,0.7802788331253847,0.7256776835735927,0.7373994341235169,0.6937729551772105,0.7559813952176778,0.7423843647137504,0.7977980861079453,0.76521019488715
1,0.810550679479251,0.5550056452550638,0.8041902863392094,0.7985767421003488,0.7597700207858877,0.7689843975734769,0.6216837190446532,0.7876996322019401,0.7439798192514726,0.8546360943162692
2,0.8017476610963934,0.6901002506265663,0.7438186902965587,0.7657935459793046,0.7932592157011661,0.7235593195956105,0.6586160420613294,0.7819674261692051,0.8060050150178377,0.8061667286148846
3,0.6429741247565289,0.4575761619470954,0.7073567541565902,0.6710815677658779,0.6556075165032622,0.6419855917051773,0.6289536661296284,0.5890655599252603,0.6793783755035893,0.6471137530706339
4,0.8805511329420874,0.7246146777750552,0.8813835153947993,0.8792518773466833,0.8598848670039868,0.7413177511260085,0.7771838140629159,0.8184060328933489,0.8682411205588957,0.8482645634304673
