,Logistic,KNN,SVM,RF,ExT,Ada,Grad,XGB,CatB,MLP
0,0.7650986579417938,0.7161244231580467,0.7869316903090972,0.7571609653326944,0.7414469702684806,0.7910762800417973,0.6643924860643406,0.76553041615378,0.7738799493579195,0.7587672522734656
1,0.8319539103506692,0.8023496477887433,0.8128275977221535,0.7898918901855516,0.7084540328644102,0.7209268105933985,0.8336642194775628,0.8058757254428699,0.8175940490612721,0.8385327114723569
2,0.8150237091836696,0.7919446384513436,0.8394928439194154,0.8215126519841522,0.8374803658784483,0.794249485510452,0.8525188467113964,0.8627614411415534,0.8699151584306861,0.8050687893609394
3,0.6380377194993994,0.6230981096279935,0.6558027944202469,0.6329312533621931,0.5921026275569157,0.6083087761269161,0.6449447668409456,0.6494050619715754,0.6617734233125686,0.6700405839344403
4,0.8533631085782589,0.6509142206899642,0.851999648013845,0.8580527351141388,0.8560615418764153,0.8363652885396583,0.8538288288288288,0.8627621442355553,0.8566112474445033,0.8807585646871362
