,Logistic,KNN,SVM,RF,ExT,Ada,Grad,XGB,CatB,MLP
0,0.71466162901486,0.69663746105919,0.7728243134381291,0.7143481560992667,0.7253633972677825,0.6782219549342446,0.6901754634254633,0.7428595314683926,0.7504333500606721,0.7038948219922502
1,0.8142346964390309,0.7964056766192931,0.8065227629069077,0.7570208260529926,0.7201186521706405,0.7761036752972237,0.7414717893329597,0.8082483929188435,0.7847108522251768,0.8142045719137796
2,0.8019920557990146,0.8387314439946021,0.8072961689890039,0.7224704827525071,0.7559102570825031,0.6326341549028118,0.8182352356023841,0.8358765675778306,0.8145929778938932,0.789599094137508
3,0.6495811305614676,0.6300500342224717,0.6403220309570616,0.6024155529717115,0.5685025450370209,0.6064882945003744,0.6693283841880993,0.6532668391554057,0.6343397457445599,0.6701044958748945
4,0.8604267640961191,0.7470282109284933,0.8503267730740667,0.8554537889426328,0.8526890049840871,0.716639610686528,0.8489862914862916,0.8519569600280504,0.8540024225316974,0.8747321810129369
