,Logistic,KNN,SVM,RF,ExT,Ada,Grad,XGB,CatB,MLP
0,0.7764627033380452,0.7465876553295611,0.7739501837679718,0.7455263885854668,0.7138895236412575,0.6460504839201189,0.721766786460286,0.7338721668434561,0.7454284711532827,0.7163596038142775
1,0.810675207985851,0.8196417560734987,0.7774607134133431,0.7386556159007615,0.7064030144345921,0.7936098571540929,0.7873426920301922,0.7638930215880165,0.7765849660081874,0.7951157769532833
2,0.8202264972395528,0.7640965409682978,0.8103536472255704,0.7403270914994602,0.7079308540251694,0.7107213390861861,0.6678138585066112,0.7582053245387462,0.8281314143978573,0.7709745181443295
3,0.65303733704701,0.6503158366134772,0.6331217215921248,0.5989438025763503,0.5233736647720906,0.5710242899723197,0.5841686736422771,0.6323137628008086,0.6143342427185803,0.6671618499166765
4,0.8676949310379545,0.847037504524706,0.8555168592565421,0.8536967351665888,0.8523598580926578,0.8599371219274863,0.8530382531127317,0.8545165891198122,0.8599060799842708,0.8743591742252458
