,Logistic,KNN,SVM,RF,ExT,Ada,Grad,XGB,CatB,MLP
0,0.8459770114942529,0.835919540229885,0.7787356321839081,0.756896551724138,0.7612068965517241,0.8718390804597701,0.8011494252873562,0.7971264367816092,0.7977011494252874,0.8385057471264368
1,0.8505813953488373,0.8369186046511627,0.7988372093023257,0.8043604651162791,0.7930232558139535,0.866860465116279,0.8680232558139535,0.863953488372093,0.844767441860465,0.8755813953488372
2,0.9192166462668299,0.921358629130967,0.9357405140758874,0.9182986536107711,0.9060587515299877,0.8598531211750304,0.9296205630354958,0.886780905752754,0.9436964504283967,0.9204406364749083
3,0.7184822521419829,0.7613219094247246,0.6940024479804162,0.7166462668298653,0.7399020807833537,0.773561811505508,0.6615667074663402,0.6756425948592412,0.7637698898408813,0.7619339045287636
4,0.8848837209302326,0.8723837209302325,0.9180232558139534,0.9040697674418604,0.8997093023255813,0.9098837209302325,0.8744186046511628,0.8761627906976746,0.9116279069767442,0.9058139534883721
