,Logistic,KNN,SVM,RF,ExT,Ada,Grad,XGB,CatB,MLP
0,0.7873563218390804,0.7741379310344827,0.7948275862068966,0.7816091954022989,0.7864942528735632,0.8367816091954022,0.767816091954023,0.803448275862069,0.8517241379310345,0.8442528735632183
1,0.765406976744186,0.7427325581395349,0.8220930232558139,0.8069767441860465,0.8883720930232558,0.8604651162790697,0.7401162790697675,0.8436046511627906,0.8651162790697675,0.9101744186046512
2,0.8977968176254589,0.8932068543451652,0.9204406364749081,0.8919828641370869,0.9020807833537332,0.8812729498164015,0.8445532435740514,0.8849449204406364,0.8922888616891065,0.8476132190942472
3,0.7102203182374541,0.7680538555691554,0.7319461444308446,0.7591799265605875,0.788249694002448,0.7129742962056304,0.7778457772337821,0.7466340269277846,0.802937576499388,0.815483476132191
4,0.8831395348837209,0.8982558139534884,0.9412790697674418,0.9139534883720931,0.9218023255813954,0.8575581395348837,0.8906976744186047,0.8901162790697674,0.8988372093023256,0.859593023255814
