,Logistic,KNN,SVM,RF,ExT,Ada,Grad,XGB,CatB,MLP
0,0.8022988505747126,0.6591954022988505,0.8540229885057471,0.7382183908045975,0.7396551724137932,0.767816091954023,0.8132183908045977,0.8045977011494252,0.842528735632184,0.8063218390804597
1,0.8645348837209302,0.811046511627907,0.8912790697674419,0.925,0.9145348837209303,0.8674418604651163,0.8357558139534883,0.8488372093023256,0.888953488372093,0.8930232558139535
2,0.875764993880049,0.8512851897184823,0.9033047735618115,0.8736230110159119,0.8996328029375765,0.8518971848225214,0.8329253365973072,0.8592411260709915,0.8990208078335374,0.8818849449204407
3,0.777845777233782,0.7267441860465116,0.8567931456548348,0.8096695226438189,0.773561811505508,0.7876376988984087,0.7986536107711137,0.7460220318237454,0.824357405140759,0.7282741738066095
4,0.936046511627907,0.8616279069767442,0.916860465116279,0.9186046511627908,0.9093023255813953,0.8950581395348837,0.8677325581395348,0.9058139534883721,0.9156976744186046,0.9046511627906977
