,Logistic,KNN,SVM,RF,ExT,Ada,Grad,XGB,CatB,MLP
0,0.860919540229885,0.8278735632183908,0.8390804597701149,0.75,0.7580459770114942,0.8637931034482758,0.8045977011494253,0.8678160919540229,0.8212643678160919,0.853448275862069
1,0.8860465116279069,0.8311046511627906,0.8534883720930233,0.8002906976744186,0.8136627906976743,0.877906976744186,0.9,0.8389534883720929,0.8622093023255815,0.9075581395348837
2,0.9277845777233782,0.8772949816401469,0.9400244798041615,0.9231946144430844,0.9290085679314566,0.8378212974296206,0.9283965728274174,0.9485924112607099,0.9589963280293757,0.908812729498164
3,0.7148102815177478,0.8081395348837209,0.7221542227662179,0.724296205630355,0.7815177478580171,0.7074663402692778,0.7576499388004896,0.6976744186046512,0.7417380660954711,0.7521419828641371
4,0.8889534883720931,0.8593023255813954,0.8697674418604652,0.8950581395348838,0.888953488372093,0.9191860465116278,0.8656976744186047,0.8860465116279069,0.8819767441860465,0.9191860465116279
