,Logistic,KNN,SVM,RF,ExT,Ada,Grad,XGB,CatB,MLP
0,0.8137931034482758,0.8077586206896551,0.8183908045977012,0.7652298850574712,0.7612068965517242,0.8011494252873563,0.8017241379310345,0.832183908045977,0.8091954022988506,0.8086206896551723
1,0.8598837209302326,0.8485465116279071,0.838953488372093,0.8043604651162791,0.7941860465116279,0.8366279069767442,0.8412790697674419,0.8726744186046511,0.8267441860465117,0.872093023255814
2,0.909424724602203,0.906670746634027,0.9277845777233782,0.8803549571603426,0.9219706242350061,0.8414932680538556,0.9130966952264382,0.9400244798041616,0.9406364749082007,0.8873929008567931
3,0.7099143206854345,0.7879436964504284,0.7074663402692778,0.6943084455324358,0.793451652386781,0.741126070991432,0.7503059975520195,0.7307221542227661,0.7246022031823746,0.7252141982864138
4,0.8941860465116279,0.8665697674418605,0.8703488372093023,0.8834302325581395,0.8744186046511627,0.8715116279069768,0.8627906976744186,0.8738372093023257,0.877906976744186,0.9116279069767441
