,Logistic,KNN,SVM,RF,ExT,Ada,Grad,XGB,CatB,MLP
0,0.832183908045977,0.835344827586207,0.8287356321839081,0.7856321839080461,0.7321839080459771,0.7339080459770115,0.789080459770115,0.7804597701149425,0.7660919540229886,0.8160919540229885
1,0.8616279069767442,0.8511627906976744,0.8261627906976745,0.7825581395348837,0.7848837209302325,0.8395348837209303,0.830232558139535,0.8313953488372093,0.8029069767441861,0.8604651162790699
2,0.9485924112607099,0.8561811505507956,0.9204406364749083,0.8910648714810281,0.8950428396572827,0.8445532435740514,0.8610771113831088,0.8922888616891065,0.9357405140758874,0.8818849449204407
3,0.7441860465116279,0.8182374541003672,0.7203182374541004,0.693390452876377,0.6783965728274174,0.6927784577723378,0.7111383108935129,0.7864137086903304,0.7227662178702571,0.7533659730722154
4,0.9093023255813953,0.9078488372093023,0.8813953488372094,0.8802325581395348,0.8747093023255813,0.8848837209302326,0.8755813953488372,0.8761627906976746,0.8953488372093024,0.9098837209302325
