,Logistic,KNN,SVM,RF,ExT,Ada,Grad,XGB,CatB,MLP
0,0.7647058823529412,0.6451612903225806,0.6206896551724138,0.7647058823529412,0.7647058823529412,0.631578947368421,0.7647058823529412,0.7647058823529412,0.787878787878788,0.7428571428571429
1,0.7272727272727274,0.18181818181818182,0.7096774193548387,0.6874999999999999,0.6874999999999999,0.8,0.787878787878788,0.6874999999999999,0.7096774193548387,0.6874999999999999
2,0.742857142857143,0.7096774193548387,0.7499999999999999,0.7499999999999999,0.7272727272727273,0.6666666666666667,0.7692307692307692,0.7777777777777778,0.7878787878787878,0.7222222222222222
3,0.5,0.5,0.5454545454545454,0.5806451612903226,0.5625,0.5,0.5,0.5294117647058824,0.5294117647058824,0.5555555555555555
4,0.761904761904762,0.7058823529411764,0.8648648648648648,0.8000000000000002,0.7441860465116279,0.7272727272727272,0.7272727272727272,0.7804878048780488,0.8000000000000002,0.6530612244897959
