,Logistic,KNN,SVM,RF,ExT,Ada,Grad,XGB,CatB,MLP
0,0.5098039215686274,0.7058823529411764,0.5333333333333333,0.7058823529411764,0.7647058823529412,0.7222222222222223,0.7428571428571429,0.7428571428571429,0.7647058823529412,0.7027027027027027
1,0.5454545454545454,0.48275862068965514,0.4615384615384615,0.4,0.4615384615384615,0.4,0.2222222222222222,0.5714285714285715,0.4615384615384615,0.8333333333333334
2,0.7222222222222222,0.6857142857142857,0.5517241379310345,0.6875,0.7096774193548387,0.7222222222222222,0.7878787878787878,0.7878787878787878,0.7096774193548387,0.6451612903225806
3,0.46153846153846156,0.5454545454545454,0.3333333333333333,0.5625,0.5625,0.43243243243243246,0.5,0.5161290322580646,0.6206896551724138,0.6
4,0.6274509803921569,0.4999999999999999,0.18181818181818182,0.8648648648648648,0.888888888888889,0.7,0.8421052631578948,0.7567567567567567,0.888888888888889,0.1739130434782609
