,Logistic,KNN,SVM,RF,ExT,Ada,Grad,XGB,CatB,MLP
0,0.6206896551724138,0.18181818181818182,0.7096774193548387,0.7272727272727274,0.7272727272727274,0.7272727272727274,0.7272727272727274,0.6874999999999999,0.7096774193548387,0.7272727272727274
1,0.8,0.18181818181818182,0.6666666666666667,0.7222222222222223,0.7567567567567567,0.7777777777777777,0.7368421052631577,0.7567567567567567,0.6060606060606061,0.8
2,0.742857142857143,0.0,0.7878787878787878,0.7096774193548387,0.6666666666666667,0.6486486486486486,0.5882352941176471,0.742857142857143,0.7096774193548387,0.7647058823529413
3,0.5625,0.09523809523809525,0.5625,0.6,0.5882352941176471,0.5294117647058824,0.5405405405405405,0.5405405405405405,0.5882352941176471,0.5714285714285714
4,0.8108108108108107,0.0,0.787878787878788,0.8571428571428571,0.7804878048780488,0.7428571428571429,0.6451612903225806,0.7428571428571429,0.888888888888889,0.7567567567567567
