,Logistic,KNN,SVM,RF,ExT,Ada,Grad,XGB,CatB,MLP
0,0.7428571428571429,0.5185185185185185,0.5714285714285715,0.6206896551724138,0.6206896551724138,0.7777777777777777,0.5294117647058824,0.6666666666666665,0.6666666666666666,0.7428571428571429
1,0.8333333333333334,0.2608695652173913,0.787878787878788,0.7647058823529412,0.8,0.6857142857142857,0.8,0.8,0.8,0.8
2,0.6857142857142857,0.6896551724137931,0.7499999999999999,0.7272727272727273,0.7058823529411765,0.742857142857143,0.7999999999999999,0.7272727272727273,0.7499999999999999,0.6857142857142857
3,0.5405405405405405,0.6206896551724138,0.625,0.5714285714285714,0.5625,0.5238095238095238,0.5263157894736842,0.5405405405405405,0.5882352941176471,0.5500000000000002
4,0.7272727272727272,0.18181818181818182,0.888888888888889,0.888888888888889,0.8648648648648648,0.7804878048780488,0.7441860465116279,0.7272727272727272,0.888888888888889,0.7111111111111111
