,Logistic,KNN,SVM,RF,ExT,Ada,Grad,XGB,CatB,MLP
0,0.6285714285714286,0.5185185185185185,0.5185185185185185,0.6206896551724138,0.6666666666666666,0.5581395348837209,0.6666666666666665,0.6857142857142857,0.6206896551724138,0.7096774193548387
1,0.8,0.18181818181818182,0.7096774193548387,0.6874999999999999,0.7428571428571429,0.7647058823529412,0.7647058823529412,0.7777777777777777,0.7647058823529412,0.8
2,0.6857142857142857,0.7333333333333334,0.7499999999999999,0.7499999999999999,0.7058823529411765,0.6842105263157895,0.7058823529411765,0.7058823529411765,0.7058823529411765,0.7058823529411765
3,0.5882352941176471,0.6428571428571429,0.625,0.5882352941176471,0.5714285714285714,0.5263157894736842,0.631578947368421,0.5882352941176471,0.5714285714285714,0.5789473684210527
4,0.761904761904762,0.18181818181818182,0.888888888888889,0.888888888888889,0.888888888888889,0.64,0.7804878048780488,0.8205128205128205,0.888888888888889,0.761904761904762
