,Logistic,KNN,SVM,RF,ExT,Ada,Grad,XGB,CatB,MLP
0,0.7499999999999999,0.6206896551724138,0.5185185185185185,0.6206896551724138,0.6206896551724138,0.6111111111111112,0.6666666666666667,0.6874999999999999,0.6206896551724138,0.7096774193548387
1,0.7647058823529412,0.5185185185185185,0.7096774193548387,0.6874999999999999,0.6874999999999999,0.7647058823529412,0.7777777777777777,0.7272727272727274,0.6874999999999999,0.7647058823529412
2,0.6666666666666667,0.6896551724137931,0.7499999999999999,0.7272727272727273,0.7058823529411765,0.7222222222222222,0.7272727272727273,0.7272727272727273,0.7272727272727273,0.6666666666666667
3,0.5555555555555555,0.6428571428571429,0.5454545454545454,0.5454545454545454,0.5294117647058824,0.5128205128205129,0.5625,0.5142857142857142,0.5454545454545454,0.6111111111111113
4,0.8205128205128205,0.18181818181818182,0.888888888888889,0.888888888888889,0.888888888888889,0.7894736842105262,0.8421052631578948,0.8421052631578948,0.888888888888889,0.761904761904762
