,Metrics,Logistic,KNN,SVM,RF,ExT,Ada,Grad,XGB,CatB,MLP
0,F1,0.6557377049180328,0.42307692307692313,0.5882352941176471,0.6296296296296297,0.6206896551724138,0.6470588235294118,0.6000000000000001,0.6551724137931033,0.6785714285714286,0.6333333333333334
1,BACC,0.7814655172413794,0.6408405172413794,0.7205818965517241,0.7483836206896552,0.7536637931034482,0.7954741379310345,0.7467672413793103,0.7727370689655173,0.7796336206896552,0.7658405172413794
2,ROC_AUC,0.8379310344827587,0.8133620689655172,0.8418103448275862,0.8703663793103449,0.8767241379310345,0.8052801724137931,0.8381465517241379,0.8377155172413794,0.8547413793103449,0.8187500000000001
3,Average_Precision,0.622903363913764,0.459311531392564,0.5534001457612951,0.6085483683738985,0.5891412154423268,0.6575623384785019,0.6406713164384454,0.561157589542605,0.6188916223395613,0.5884131382605411
4,Hard_Test_FPR,0.14259927797833935,0.05415162454873646,0.04783393501805054,0.07671480144404332,0.08483754512635379,0.15703971119133575,0.14530685920577618,0.11913357400722022,0.07490974729241877,0.12545126353790614
