,Metrics,Logistic,KNN,SVM,RF,ExT,Ada,Grad,XGB,CatB,MLP
0,F1,0.47058823529411764,0.30434782608695654,0.17142857142857143,0.6415094339622642,0.6415094339622642,0.6000000000000001,0.6071428571428571,0.7096774193548386,0.7037037037037037,0.29268292682926833
1,BACC,0.6810344827586207,0.5852370689655173,0.546875,0.7518318965517241,0.7518318965517241,0.7467672413793103,0.7414870689655173,0.8161637931034482,0.7865301724137931,0.5834051724137931
2,ROC_AUC,0.686853448275862,0.6927801724137932,0.7359913793103449,0.8533405172413794,0.85625,0.7905172413793105,0.8058189655172413,0.8721982758620689,0.8469827586206896,0.7864224137931035
3,Average_Precision,0.49182877877570047,0.3977880462981609,0.5140800835327777,0.5974948755405977,0.6143125193577379,0.5788288975243525,0.6675081083561111,0.6691418324486058,0.6959867108775406,0.5279295159342284
4,Hard_Test_FPR,0.26263537906137185,0.04963898916967509,0.021660649819494584,0.07851985559566788,0.07220216606498195,0.18140794223826714,0.157942238267148,0.13357400722021662,0.08212996389891697,0.06046931407942238
