,Metrics,Logistic,KNN,SVM,RF,ExT,Ada,Grad,XGB,CatB,MLP
0,F1,0.6666666666666666,0.0,0.5,0.5306122448979592,0.5818181818181818,0.49056603773584906,0.4680851063829787,0.44000000000000006,0.4,0.5925925925925926
1,BACC,0.7674568965517241,0.5,0.6737068965517241,0.6893318965517241,0.7258620689655173,0.6755387931034482,0.6580818965517241,0.6477370689655173,0.6268318965517241,0.7293103448275862
2,ROC_AUC,0.7991379310344827,0.6839439655172413,0.841594827586207,0.7953663793103449,0.8408405172413792,0.7992456896551724,0.7923491379310345,0.8228448275862069,0.8256465517241378,0.7653017241379312
3,Average_Precision,0.5865604753138737,0.43519324505117124,0.5457259460905858,0.5519222341404901,0.5400167966478846,0.5189445660582376,0.5596407985489447,0.5691844863736635,0.5770413708895181,0.5607736997379473
4,Hard_Test_FPR,0.13357400722021662,0.004512635379061372,0.09115523465703972,0.11823104693140794,0.14620938628158844,0.23916967509025272,0.17870036101083034,0.16335740072202165,0.11010830324909747,0.17418772563176896
