,Metrics,Logistic,KNN,SVM,RF,ExT,Ada,Grad,XGB,CatB,MLP
0,F1,0.5135135135135135,0.3157894736842105,0.6153846153846154,0.6296296296296297,0.6071428571428571,0.5230769230769231,0.53125,0.6000000000000001,0.6296296296296297,0.5194805194805195
1,BACC,0.7175646551724137,0.59375,0.7362068965517241,0.7483836206896552,0.7414870689655173,0.7104525862068966,0.7139008620689655,0.7467672413793103,0.7483836206896552,0.7262931034482758
2,ROC_AUC,0.784051724137931,0.8114224137931034,0.8581896551724137,0.8308189655172414,0.8251077586206896,0.7521551724137931,0.8398706896551724,0.7752155172413794,0.8411637931034484,0.7590517241379311
3,Average_Precision,0.5070111155461795,0.6326956924256679,0.5825368803321622,0.6477584469123927,0.5060201379925198,0.5055367671044813,0.6836738338063669,0.5580780039069373,0.6304922455022591,0.4936299010480984
4,Hard_Test_FPR,0.1407942238267148,0.042418772563176894,0.04151624548736462,0.0812274368231047,0.08754512635379061,0.2292418772563177,0.1651624548736462,0.14981949458483754,0.09476534296028881,0.12364620938628158
