,Metrics,Logistic,KNN,SVM,RF,ExT,Ada,Grad,XGB,CatB,MLP
0,F1,0.5405405405405405,0.358974358974359,0.5882352941176471,0.5490196078431372,0.5964912280701754,0.4262295081967213,0.6071428571428571,0.5,0.5490196078431372,0.5526315789473685
1,BACC,0.7366379310344828,0.609375,0.7205818965517241,0.7015086206896552,0.7380387931034482,0.6479525862068966,0.7414870689655173,0.6895474137931035,0.7015086206896552,0.7488146551724137
2,ROC_AUC,0.7743534482758622,0.8107758620689655,0.852155172413793,0.8428879310344828,0.8158405172413794,0.7241379310344828,0.7816810344827587,0.7870689655172414,0.8327586206896551,0.7689655172413793
3,Average_Precision,0.4420428375013138,0.6264589723631357,0.5850734279845354,0.6291455064275007,0.48642417142794103,0.36268435526228554,0.5185833066305212,0.5050906399395607,0.5180380352374687,0.4861621887509965
4,Hard_Test_FPR,0.1263537906137184,0.03429602888086643,0.03700361010830325,0.05324909747292419,0.05595667870036101,0.18231046931407943,0.12906137184115524,0.09657039711191336,0.058664259927797835,0.11371841155234658
