,Metrics,Logistic,KNN,SVM,RF,ExT,Ada,Grad,XGB,CatB,MLP
0,F1,0.5070422535211268,0.358974358974359,0.5882352941176471,0.52,0.5090909090909091,0.4912280701754386,0.3404255319148936,0.47058823529411764,0.48979591836734687,0.5205479452054794
1,BACC,0.7088362068965517,0.609375,0.7205818965517241,0.6858836206896552,0.6877155172413794,0.6808189655172414,0.6008620689655173,0.6633620689655173,0.6702586206896552,0.7210129310344828
2,ROC_AUC,0.8163793103448276,0.7926724137931035,0.8637931034482759,0.8535560344827586,0.8488146551724138,0.8051724137931034,0.8234913793103448,0.8407327586206896,0.840301724137931,0.7961206896551725
3,Average_Precision,0.48666145137428385,0.5895962360568371,0.6254278722524589,0.6502314848070987,0.5181744176066274,0.566109041481936,0.5432154189956497,0.5844797830293245,0.5206513989779066,0.5012897191193944
4,Hard_Test_FPR,0.10108303249097472,0.02527075812274368,0.0351985559566787,0.05324909747292419,0.06498194945848375,0.20667870036101083,0.11371841155234658,0.1164259927797834,0.05956678700361011,0.10288808664259928
