,Logistic,KNN,SVM,RF,ExT,Ada,Grad,XGB,CatB,MLP
0,0.8192528735632184,0.7442528735632183,0.725,0.8192528735632184,0.8192528735632184,0.7655172413793103,0.8192528735632184,0.8192528735632184,0.825,0.8135057471264369
1,0.7941860465116279,0.55,0.775,0.7691860465116279,0.7691860465116279,0.8441860465116279,0.825,0.7691860465116279,0.775,0.7691860465116279
2,0.8246634026927785,0.7836597307221542,0.8099755201958384,0.8099755201958384,0.8041615667074663,0.8014075887392901,0.8656670746634028,0.8509791921664627,0.8362913096695226,0.8188494492044064
3,0.6903304773561811,0.6814565483476132,0.7077723378212974,0.7194002447980417,0.7135862913096696,0.6992044063647491,0.6903304773561811,0.7019583843329253,0.7019583843329253,0.7224602203182374
4,0.8651162790697675,0.7883720930232558,0.8941860465116279,0.8767441860465117,0.8593023255813954,0.8534883720930233,0.8534883720930233,0.8709302325581396,0.8767441860465117,0.8244186046511628
