,Logistic,KNN,SVM,RF,ExT,Ada,Grad,XGB,CatB,MLP
0,0.721551724137931,0.7885057471264367,0.6885057471264369,0.7885057471264367,0.8192528735632184,0.8077586206896552,0.8135057471264369,0.8135057471264369,0.8192528735632184,0.8020114942528735
1,0.7302325581395348,0.6633720930232558,0.65,0.625,0.65,0.6267441860465116,0.5517441860465117,0.7,0.65,0.8691860465116279
2,0.8188494492044064,0.7925336597307222,0.6988984088127295,0.7778457772337821,0.7836597307221542,0.8188494492044064,0.8362913096695226,0.8362913096695226,0.7836597307221542,0.7515299877600978
3,0.6936964504283966,0.7077723378212974,0.5994492044063647,0.7135862913096696,0.7135862913096696,0.6523867809057528,0.6903304773561811,0.6872705018359853,0.7310281517747858,0.7252141982864136
4,0.8127906976744186,0.6691860465116279,0.55,0.8941860465116279,0.9,0.8151162790697675,0.8883720930232558,0.8325581395348838,0.9,0.5441860465116279
