,Logistic,KNN,SVM,RF,ExT,Ada,Grad,XGB,CatB,MLP
0,0.725,0.55,0.775,0.7942528735632184,0.7942528735632184,0.7942528735632184,0.7942528735632184,0.7692528735632185,0.775,0.7942528735632184
1,0.8441860465116279,0.55,0.7633720930232558,0.8075581395348838,0.8325581395348838,0.8383720930232558,0.8267441860465117,0.8325581395348838,0.7325581395348837,0.8441860465116279
2,0.8246634026927785,0.5,0.8362913096695226,0.7836597307221542,0.77203182374541,0.780905752753978,0.7340881272949816,0.8246634026927785,0.7836597307221542,0.8304773561811505
3,0.7135862913096696,0.5205018359853121,0.7135862913096696,0.7252141982864136,0.7340881272949816,0.7019583843329253,0.7166462668298653,0.7166462668298653,0.7340881272949816,0.7282741738066095
4,0.8633720930232558,0.5,0.825,0.875,0.8709302325581396,0.8133720930232557,0.7441860465116279,0.8133720930232557,0.9,0.8325581395348838
