,Logistic,KNN,SVM,RF,ExT,Ada,Grad,XGB,CatB,MLP
0,0.8135057471264369,0.675,0.7,0.725,0.725,0.8385057471264368,0.6962643678160919,0.7770114942528735,0.75,0.8135057471264369
1,0.8691860465116279,0.575,0.825,0.8191860465116279,0.8441860465116279,0.7825581395348837,0.8441860465116279,0.8441860465116279,0.8441860465116279,0.8441860465116279
2,0.7925336597307222,0.763157894736842,0.8099755201958384,0.8041615667074663,0.7983476132190943,0.8246634026927785,0.8567931456548348,0.8041615667074663,0.8099755201958384,0.7925336597307222
3,0.7166462668298653,0.7310281517747858,0.7457160342717258,0.7282741738066095,0.7135862913096696,0.7197062423500612,0.7108323133414933,0.7166462668298653,0.7340881272949816,0.7313341493268054
4,0.8534883720930233,0.55,0.9,0.9,0.8941860465116279,0.8709302325581396,0.8593023255813954,0.8534883720930233,0.9,0.8476744186046512
