,Logistic,KNN,SVM,RF,ExT,Ada,Grad,XGB,CatB,MLP
0,0.7520114942528735,0.675,0.675,0.725,0.75,0.7367816091954023,0.7770114942528735,0.7827586206896552,0.725,0.775
1,0.8441860465116279,0.55,0.775,0.7691860465116279,0.8133720930232557,0.8191860465116279,0.8191860465116279,0.8383720930232558,0.8191860465116279,0.8441860465116279
2,0.7925336597307222,0.7894736842105263,0.8099755201958384,0.8099755201958384,0.7983476132190943,0.8072215422276622,0.7983476132190943,0.7983476132190943,0.7983476132190943,0.7983476132190943
3,0.7340881272949816,0.7368421052631579,0.7457160342717258,0.7340881272949816,0.7282741738066095,0.7108323133414933,0.7750917992656059,0.7340881272949816,0.7282741738066095,0.7429620563035495
4,0.8651162790697675,0.55,0.9,0.9,0.9,0.8186046511627907,0.8709302325581396,0.8825581395348838,0.9,0.8651162790697675
