,Logistic,KNN,SVM,RF,ExT,Ada,Grad,XGB,CatB,MLP
0,0.8,0.725,0.675,0.725,0.725,0.746264367816092,0.7635057471264368,0.7692528735632185,0.725,0.775
1,0.8191860465116279,0.675,0.775,0.7691860465116279,0.7691860465116279,0.8191860465116279,0.8383720930232558,0.7941860465116279,0.7691860465116279,0.8191860465116279
2,0.7867197062423501,0.763157894736842,0.8099755201958384,0.8041615667074663,0.7983476132190943,0.8188494492044064,0.8041615667074663,0.8041615667074663,0.8041615667074663,0.7867197062423501
3,0.7224602203182374,0.7368421052631579,0.7077723378212974,0.7077723378212974,0.7019583843329253,0.7050183598531212,0.7135862913096696,0.6961444308445532,0.7077723378212974,0.7545899632802937
4,0.8825581395348838,0.55,0.9,0.9,0.9,0.8575581395348837,0.8883720930232558,0.8883720930232558,0.9,0.8651162790697675
