{"hidden_nodes": 178, "mlp_hidden_instance": 210, "weight_decay": 0.3412260659814243, "dropout_mlp": 0.9112320253004818, "pooling_rate": 0.8079597765076413}